{
"texture":"particle.png",
"endRedVariance":0
,"blendFactorSource":"one"
,"maxRadiusVariance":30
,"lifespan":1000
,"blendFactorDestination":"oneMinusSourceAlpha"
,"minRadius":20
,"lifespanVariance":0
,"maxRadius":100
,"minRadiusVariance":10
,"startSize":30
,"tangentialAcceleration":0
,"rotatePerSecond":30
,"startSizeVariance":0
,"emitterVariance":{"x":18,"y":17}
,"rotatePerSecondVariance":10
,"endSize":5
,"endGreen":255
,"endSizeVariance":0
,"emitterType":0
,"startBlueVariance":0
,"startGreen":255
,"startRed":255
,"duration":10
,"endRed":255
,"startRotation":0
,"gravity":{"x":0,"y":300}
,"startRotationVariance":45
,"startAlpha":0.7843137254901961
,"emitAngleVariance":360
,"engGreenVariance":0
,"emitter":{"x":0,"y":0}
,"endBlue":255
,"startAlphaVariance":0
,"emitAngle":0
,"maxParticles":300
,"endRotation":0
,"endBlueVariance":0
,"endAlphaVariance":0
,"speed":200
,"speedVariance":100
,"radialAcceleration":-20
,"startGreenVariance":0
,"endRotationVariance":0
,"radialAccelerationVariance":0
,"startRedVariance":0
,"startBlue":255
,"endAlpha":0.19607843137254902
,"tangentialAccelerationVariance":0
}