{
	"close":false,
	"natures":["egretProject"],
	"resourcePlugin":{
		"configs":[{
				"configPath":"resource/default.res.json",
				"relativePath":"resource/"
			}],
		"id":"org.egret-labs.resource",
		"library":{
			"children":[
				{
					"isFolder":false,
					"key":"apple_png",
					"name":"apple_png"
				},
				{
					"isFolder":false,
					"key":"appleb_png",
					"name":"appleb_png"
				},
				{
					"isFolder":false,
					"key":"applef_png",
					"name":"applef_png"
				},
				{
					"isFolder":false,
					"key":"banana_png",
					"name":"banana_png"
				},
				{
					"isFolder":false,
					"key":"bananab_png",
					"name":"bananab_png"
				},
				{
					"isFolder":false,
					"key":"bananaf_png",
					"name":"bananaf_png"
				},
				{
					"isFolder":false,
					"key":"bg_png",
					"name":"bg_png"
				},
				{
					"isFolder":false,
					"key":"freezeEffect_png",
					"name":"freezeEffect_png"
				},
				{
					"isFolder":false,
					"key":"kiwi_png",
					"name":"kiwi_png"
				},
				{
					"isFolder":false,
					"key":"kiwib_png",
					"name":"kiwib_png"
				},
				{
					"isFolder":false,
					"key":"kiwif_png",
					"name":"kiwif_png"
				},
				{
					"isFolder":false,
					"key":"limon_png",
					"name":"limon_png"
				},
				{
					"isFolder":false,
					"key":"limonb_png",
					"name":"limonb_png"
				},
				{
					"isFolder":false,
					"key":"limonf_png",
					"name":"limonf_png"
				},
				{
					"isFolder":false,
					"key":"orange_png",
					"name":"orange_png"
				},
				{
					"isFolder":false,
					"key":"orangeb_png",
					"name":"orangeb_png"
				},
				{
					"isFolder":false,
					"key":"orangef_png",
					"name":"orangef_png"
				},
				{
					"isFolder":false,
					"key":"pineapple_png",
					"name":"pineapple_png"
				},
				{
					"isFolder":false,
					"key":"pineappleb_png",
					"name":"pineappleb_png"
				},
				{
					"isFolder":false,
					"key":"pineapplef_png",
					"name":"pineapplef_png"
				},
				{
					"isFolder":false,
					"key":"bgImage",
					"name":"bgImage"
				},
				{
					"isFolder":false,
					"key":"egretIcon",
					"name":"egretIcon"
				},
				{
					"isFolder":false,
					"key":"orangej_png",
					"name":"orangej_png"
				},
				{
					"isFolder":false,
					"key":"flash_png",
					"name":"flash_png"
				},
				{
					"isFolder":false,
					"key":"particle_png",
					"name":"particle_png"
				}
			]
		}
	}
}