{
	"groups":[
	{
		"keys":"bgImage,egretIcon",
		"name":"preload"
	},
	{
		"keys":"freezeEffect_png,kiwi_png,kiwib_png,kiwif_png,limon_png,limonb_png,limonf_png,orange_png,orangeb_png,orangef_png,pineapple_png,pineappleb_png,pineapplef_png,apple_png,appleb_png,applef_png,banana_png,bananab_png,bananaf_png,bg_png,orangej_png,flash_png,particle_json,particle_png,orangep_png,cut_mp3,drop_mp3,splatter_mp3,swip_mp3,throw_mp3,kiwij_png,kiwip_png",
		"name":"game"
	}],
	"resources":[
	{
		"name":"bgImage",
		"type":"image",
		"url":"assets/bg.jpg"
	},
	{
		"name":"egretIcon",
		"type":"image",
		"url":"assets/egret_icon.png"
	},
	{
		"name":"description",
		"type":"json",
		"url":"config/description.json"
	},
	{
		"name":"freezeEffect_png",
		"type":"image",
		"url":"assets/freezeEffect.png"
	},
	{
		"name":"kiwi_png",
		"type":"image",
		"url":"assets/kiwi.png"
	},
	{
		"name":"kiwib_png",
		"type":"image",
		"url":"assets/kiwib.png"
	},
	{
		"name":"kiwif_png",
		"type":"image",
		"url":"assets/kiwif.png"
	},
	{
		"name":"limon_png",
		"type":"image",
		"url":"assets/limon.png"
	},
	{
		"name":"limonb_png",
		"type":"image",
		"url":"assets/limonb.png"
	},
	{
		"name":"limonf_png",
		"type":"image",
		"url":"assets/limonf.png"
	},
	{
		"name":"orange_png",
		"type":"image",
		"url":"assets/orange.png"
	},
	{
		"name":"orangeb_png",
		"type":"image",
		"url":"assets/orangeb.png"
	},
	{
		"name":"orangef_png",
		"type":"image",
		"url":"assets/orangef.png"
	},
	{
		"name":"pineapple_png",
		"type":"image",
		"url":"assets/pineapple.png"
	},
	{
		"name":"pineappleb_png",
		"type":"image",
		"url":"assets/pineappleb.png"
	},
	{
		"name":"pineapplef_png",
		"type":"image",
		"url":"assets/pineapplef.png"
	},
	{
		"name":"apple_png",
		"type":"image",
		"url":"assets/apple.png"
	},
	{
		"name":"appleb_png",
		"type":"image",
		"url":"assets/appleb.png"
	},
	{
		"name":"applef_png",
		"type":"image",
		"url":"assets/applef.png"
	},
	{
		"name":"banana_png",
		"type":"image",
		"url":"assets/banana.png"
	},
	{
		"name":"bananab_png",
		"type":"image",
		"url":"assets/bananab.png"
	},
	{
		"name":"bananaf_png",
		"type":"image",
		"url":"assets/bananaf.png"
	},
	{
		"name":"bg_png",
		"type":"image",
		"url":"assets/bg.png"
	},
	{
		"name":"orangej_png",
		"type":"image",
		"url":"assets/orangej.png"
	},
	{
		"name":"flash_png",
		"type":"image",
		"url":"assets/flash.png"
	},
	{
		"name":"particle_json",
		"type":"json",
		"url":"assets/particle.json"
	},
	{
		"name":"particle_png",
		"type":"image",
		"url":"assets/particle.png"
	},
	{
		"name":"orangep_png",
		"type":"image",
		"url":"assets/orangep.png"
	},
	{
		"name":"cut_mp3",
		"type":"sound",
		"url":"assets/cut.mp3"
	},
	{
		"name":"drop_mp3",
		"type":"sound",
		"url":"assets/drop.mp3"
	},
	{
		"name":"splatter_mp3",
		"type":"sound",
		"url":"assets/splatter.mp3"
	},
	{
		"name":"swip_mp3",
		"type":"sound",
		"url":"assets/swip.mp3"
	},
	{
		"name":"throw_mp3",
		"type":"sound",
		"url":"assets/throw.mp3"
	},
	{
		"name":"kiwij_png",
		"type":"image",
		"url":"assets/kiwij.png"
	},
	{
		"name":"kiwip_png",
		"type":"image",
		"url":"assets/kiwip.png"
	}]
}